"SchoolID","SchoolCampus"
"W8AR87B5","Amherst"
"Q3JDEH62","San Antonio"
"NJTV28G5","Chicago"
"I7ETQ0DV","Davis"
"Q3JDEH62","Houston"
"Q3JDEH62","Dallas"
"AKXQD55U","Tampa"
"W8AR87B5","Dartmouth"
"AKXQD55U","Orlando"
"W8AR87B5","Lowell"
"I7ETQ0DV","Santa Barbara"
"I7ETQ0DV","Berkeley"
"AKXQD55U","Miami"
"AKXQD55U","Gainesville"
"Q3JDEH62","Austin"
"W8AR87B5","Boston"
"I7ETQ0DV","Los Angeles"
"NJTV28G5","Springfield"
"NJTV28G5","Urbana-Champaign"